age,income,loan_amount,credit_score,default
51.0,28189.0,24036.0,833.0,0
31.0,69504.0,22686.0,697.0,1
29.0,48889.0,6652.0,400.0,0
44.0,83999.0,44781.0,785.0,1
52.0,69994.0,35442.0,562.0,1
38.0,23604.0,40022.0,766.0,1
64.0,51863.0,34957.0,757.0,1
50.0,68906.0,20435.0,310.0,1
41.0,77220.0,27806.0,429.0,1
36.0,30487.0,10794.0,801.0,0
34.0,84997.0,12273.0,723.0,0
52.0,54370.0,19583.0,374.0,1
39.0,38292.0,33966.0,417.0,1
21.0,100533.0,31982.0,640.0,1
37.0,26862.0,39887.0,453.0,1
53.0,112977.0,28947.0,412.0,1
27.0,90627.0,35405.0,841.0,1
26.0,67559.0,6975.0,552.0,0
43.0,21116.0,46998.0,586.0,1
43.0,59013.0,43078.0,659.0,1
48.0,84580.0,47148.0,342.0,1
58.0,105891.0,12813.0,518.0,1
52.0,81776.0,11569.0,798.0,0
47.0,59771.0,29311.0,819.0,1
52.0,64736.0,42742.0,572.0,1
33.0,107330.0,38227.0,791.0,1
35.0,55136.0,16638.0,574.0,0
29.0,26516.0,26386.0,842.0,1
32.0,64267.0,15591.0,733.0,0
48.0,119846.0,30390.0,757.0,0
22.0,57977.0,30539.0,403.0,1
38.0,39305.0,8740.0,302.0,1
38.0,24513.0,33477.0,578.0,1
41.0,37097.0,9366.0,841.0,0
38.0,52406.0,6256.0,832.0,0
33.0,77428.0,43481.0,638.0,1
38.0,86559.0,16180.0,402.0,1
60.0,24282.0,25930.0,305.0,1
62.0,113618.0,47208.0,573.0,1
42.0,43564.0,33144.0,466.0,1
47.0,34906.0,21767.0,485.0,1
23.0,73083.0,43333.0,758.0,1
33.0,87759.0,14656.0,349.0,1
37.0,50725.0,26972.0,350.0,1
59.0,86944.0,30458.0,543.0,1
30.0,49429.0,31362.0,527.0,1
41.0,110217.0,5788.0,335.0,0
64.0,108069.0,21964.0,600.0,0
42.0,27119.0,28170.0,538.0,1
47.0,35040.0,25603.0,846.0,0
24.0,89806.0,41987.0,336.0,1
57.0,20012.0,37532.0,365.0,1
46.0,102181.0,46947.0,387.0,1
44.0,55624.0,15070.0,479.0,1
34.0,94462.0,12030.0,665.0,0
32.0,24424.0,14145.0,832.0,0
38.0,40926.0,34537.0,799.0,1
50.0,27081.0,16326.0,543.0,1
59.0,37982.0,34906.0,339.0,1
42.0,58442.0,35751.0,655.0,1
49.0,69155.0,8660.0,530.0,0
46.0,111609.0,38300.0,313.0,1
47.0,82717.0,19128.0,750.0,0
50.0,90648.0,14950.0,591.0,0
58.0,28211.0,16647.0,541.0,1
22.0,48679.0,45333.0,698.0,1
54.0,119173.0,32230.0,772.0,0
29.0,76042.0,34237.0,813.0,1
27.0,98782.0,14771.0,482.0,0
45.0,23248.0,21198.0,401.0,1
22.0,28408.0,41472.0,482.0,1
60.0,30923.0,20308.0,837.0,0
47.0,21529.0,41569.0,354.0,1
52.0,112198.0,13999.0,823.0,0
19.0,45364.0,37957.0,640.0,1
46.0,119657.0,10256.0,305.0,0
44.0,93813.0,42007.0,773.0,1
25.0,45061.0,35272.0,675.0,1
25.0,119180.0,48079.0,380.0,1
51.0,106853.0,6328.0,488.0,0
33.0,36500.0,10934.0,780.0,0
51.0,38532.0,6227.0,701.0,0
44.0,88019.0,5754.0,475.0,0
36.0,27828.0,43072.0,737.0,1
61.0,78452.0,33414.0,440.0,1
58.0,26660.0,33969.0,602.0,1
35.0,42130.0,21926.0,813.0,1
20.0,114844.0,7398.0,540.0,0
32.0,69857.0,24403.0,606.0,1
37.0,77371.0,12082.0,727.0,0
51.0,46968.0,47057.0,412.0,1
65.0,64006.0,44535.0,547.0,1
35.0,33300.0,18541.0,806.0,0
54.0,71662.0,5780.0,659.0,0
46.0,25396.0,5942.0,686.0,0
51.0,24825.0,28798.0,829.0,1
25.0,87965.0,42042.0,624.0,1
37.0,25498.0,20405.0,779.0,1
29.0,72128.0,34585.0,846.0,1
34.0,46603.0,43609.0,672.0,1
42.0,38769.0,33630.0,677.0,1
49.0,77332.0,5276.0,400.0,0
23.0,49646.0,29801.0,555.0,1
24.0,65638.0,12868.0,706.0,1
33.0,33897.0,41003.0,488.0,1
49.0,32649.0,23557.0,364.0,1
58.0,30653.0,24764.0,312.0,1
44.0,27156.0,18676.0,668.0,1
58.0,75371.0,15330.0,318.0,1
36.0,95601.0,12198.0,569.0,0
33.0,99237.0,23345.0,785.0,0
35.0,115784.0,29191.0,753.0,0
26.0,36839.0,45542.0,696.0,1
57.0,33562.0,23088.0,773.0,0
34.0,66995.0,19479.0,712.0,0
44.0,106101.0,41818.0,310.0,1
45.0,96707.0,36329.0,559.0,1
43.0,75818.0,10165.0,308.0,1
18.0,35678.0,36830.0,605.0,1
64.0,59126.0,47804.0,430.0,1
61.0,91935.0,27374.0,543.0,0
28.0,57341.0,27076.0,412.0,1
32.0,23912.0,37561.0,751.0,1
42.0,78388.0,13994.0,401.0,1
60.0,92013.0,21515.0,480.0,1
64.0,91477.0,19261.0,308.0,1
30.0,36487.0,49815.0,470.0,1
45.0,53599.0,12273.0,314.0,1
56.0,60917.0,12828.0,547.0,0
37.0,62048.0,25741.0,315.0,1
52.0,31416.0,17344.0,513.0,0
26.0,58553.0,44180.0,634.0,1
46.0,70663.0,24641.0,801.0,1
59.0,91056.0,35820.0,605.0,1
64.0,76945.0,41819.0,583.0,1
22.0,60493.0,17242.0,326.0,1
38.0,112760.0,37973.0,506.0,1
28.0,79808.0,22959.0,516.0,1
39.0,117479.0,16453.0,478.0,0
44.0,106738.0,45055.0,789.0,1
22.0,87363.0,30427.0,518.0,1
32.0,109931.0,27335.0,416.0,1
62.0,119124.0,13127.0,732.0,0
45.0,42088.0,45574.0,747.0,1
39.0,89106.0,33703.0,490.0,1
53.0,111878.0,47643.0,752.0,1
53.0,21740.0,6995.0,688.0,0
20.0,99949.0,10248.0,361.0,1
51.0,28940.0,44481.0,502.0,1
57.0,111655.0,25329.0,769.0,0
26.0,81201.0,26014.0,505.0,1
55.0,36207.0,15048.0,776.0,0
31.0,23941.0,26979.0,545.0,1
32.0,102782.0,24734.0,611.0,1
49.0,33949.0,37439.0,514.0,1
23.0,113954.0,33597.0,637.0,1
49.0,29087.0,40954.0,588.0,1
60.0,103798.0,40240.0,763.0,1
51.0,62353.0,23968.0,832.0,0
39.0,107274.0,18567.0,459.0,0
39.0,96857.0,19706.0,385.0,1
54.0,105288.0,49547.0,480.0,1
45.0,67024.0,23415.0,692.0,0
22.0,91377.0,38996.0,416.0,1
45.0,51867.0,8723.0,477.0,0
56.0,24717.0,24330.0,814.0,0
34.0,43240.0,19799.0,714.0,1
62.0,20136.0,12210.0,824.0,0
53.0,56303.0,6074.0,348.0,1
45.0,69383.0,16338.0,568.0,0
53.0,21941.0,40699.0,798.0,1
22.0,20773.0,18387.0,542.0,1
58.0,88646.0,44286.0,679.0,1
57.0,30044.0,31048.0,394.0,1
61.0,27385.0,41213.0,436.0,1
24.0,69560.0,49971.0,533.0,1
22.0,91816.0,33825.0,473.0,1
25.0,117717.0,20340.0,654.0,0
37.0,49540.0,18951.0,755.0,0
38.0,31752.0,48771.0,497.0,1
44.0,26854.0,37156.0,720.0,1
24.0,40751.0,27613.0,454.0,1
27.0,30005.0,14633.0,522.0,1
56.0,20338.0,27045.0,320.0,1
40.0,48507.0,39296.0,380.0,1
56.0,36421.0,48862.0,362.0,1
18.0,21825.0,35276.0,617.0,1
44.0,55463.0,6109.0,645.0,0
62.0,102592.0,25933.0,330.0,1
45.0,50366.0,42245.0,607.0,1
28.0,91010.0,27973.0,714.0,1
52.0,92873.0,20485.0,577.0,0
36.0,22556.0,43750.0,554.0,1
49.0,116179.0,30992.0,649.0,0
19.0,33901.0,27698.0,510.0,1
48.0,91746.0,26883.0,634.0,1
20.0,57944.0,35667.0,809.0,1
53.0,106822.0,25488.0,770.0,0
40.0,119496.0,30520.0,706.0,1
24.0,39332.0,17983.0,780.0,0
44.0,101946.0,12734.0,465.0,0
21.0,70550.0,41902.0,713.0,1
49.0,116543.0,19364.0,460.0,1
65.0,85809.0,10655.0,584.0,0
54.0,79324.0,13292.0,568.0,0
45.0,42952.0,23570.0,326.0,1
23.0,91870.0,17844.0,614.0,0
51.0,48820.0,36279.0,578.0,1
49.0,104576.0,20746.0,586.0,0
20.0,117726.0,31363.0,318.0,1
55.0,20779.0,12520.0,506.0,0
42.0,115463.0,11146.0,533.0,0
38.0,55846.0,45784.0,705.0,1
55.0,68832.0,43906.0,704.0,1
37.0,112409.0,45398.0,510.0,1
41.0,97596.0,27204.0,522.0,1
27.0,44322.0,8170.0,691.0,0
33.0,29685.0,18958.0,531.0,1
58.0,104123.0,44663.0,634.0,1
27.0,94706.0,24013.0,447.0,1
38.0,105834.0,19709.0,330.0,1
64.0,58404.0,18297.0,682.0,0
29.0,69211.0,29725.0,668.0,1
61.0,66502.0,25352.0,346.0,1
61.0,51472.0,21870.0,313.0,1
22.0,53567.0,24037.0,301.0,1
40.0,91865.0,17000.0,371.0,1
42.0,95307.0,13632.0,417.0,0
33.0,106385.0,14083.0,771.0,0
20.0,104490.0,6725.0,538.0,0
29.0,95394.0,47552.0,659.0,1
22.0,53278.0,48043.0,833.0,1
29.0,91005.0,9630.0,543.0,0
56.0,117262.0,8322.0,739.0,0
60.0,111624.0,23732.0,512.0,0
20.0,117149.0,39378.0,708.0,1
32.0,23621.0,42172.0,445.0,1
64.0,81160.0,5963.0,788.0,0
43.0,41534.0,17749.0,329.0,1
47.0,44656.0,29089.0,549.0,1
18.0,104406.0,11079.0,844.0,0
41.0,95019.0,48650.0,379.0,1
64.0,52880.0,16308.0,356.0,1
36.0,71992.0,28912.0,483.0,1
23.0,38833.0,9934.0,375.0,1
40.0,20383.0,20251.0,673.0,1
63.0,109996.0,10540.0,638.0,0
34.0,90964.0,46033.0,589.0,1
56.0,72882.0,47744.0,834.0,1
56.0,25410.0,29359.0,474.0,1
28.0,62084.0,20743.0,544.0,1
39.0,58004.0,19557.0,555.0,0
52.0,37155.0,46566.0,688.0,1
37.0,35619.0,32870.0,425.0,1
27.0,37318.0,23432.0,716.0,1
63.0,79684.0,39720.0,402.0,1
49.0,32470.0,29088.0,837.0,1
59.0,43855.0,14809.0,824.0,0
19.0,114627.0,15732.0,520.0,1
31.0,41946.0,17384.0,784.0,0
42.0,96386.0,5720.0,517.0,0
21.0,79804.0,16512.0,598.0,1
65.0,61316.0,32510.0,711.0,1
29.0,79529.0,38902.0,717.0,1
36.0,33362.0,10104.0,787.0,0
28.0,68419.0,48751.0,554.0,1
23.0,117213.0,26994.0,627.0,1
29.0,62772.0,7801.0,613.0,0
32.0,44288.0,47299.0,578.0,1
48.0,112751.0,17225.0,682.0,0
31.0,81077.0,18937.0,443.0,1
35.0,92786.0,25671.0,336.0,1
18.0,74340.0,19597.0,585.0,0
35.0,21120.0,12996.0,536.0,1
43.0,95570.0,10721.0,590.0,0
26.0,117870.0,27936.0,637.0,1
46.0,91619.0,8174.0,501.0,0
32.0,100876.0,36943.0,469.0,1
48.0,105159.0,20385.0,672.0,0
19.0,119920.0,49668.0,520.0,1
60.0,48861.0,7828.0,758.0,0
19.0,64938.0,7186.0,719.0,0
24.0,74283.0,16331.0,796.0,0
55.0,35246.0,20823.0,353.0,1
20.0,68098.0,41596.0,388.0,1
51.0,47698.0,42335.0,634.0,1
64.0,103693.0,37561.0,690.0,1
59.0,54706.0,42158.0,416.0,1
51.0,28168.0,37775.0,313.0,1
63.0,21009.0,44285.0,774.0,1
38.0,106054.0,25903.0,728.0,1
59.0,105885.0,17440.0,807.0,0
35.0,113409.0,33326.0,459.0,1
62.0,27255.0,21406.0,580.0,1
25.0,59476.0,8044.0,700.0,0
62.0,62819.0,43513.0,644.0,1
57.0,106088.0,42534.0,307.0,1
58.0,46142.0,27334.0,580.0,1
24.0,50220.0,25971.0,840.0,1
46.0,93273.0,10349.0,428.0,1
19.0,38005.0,10665.0,551.0,1
52.0,83537.0,40899.0,744.0,1
18.0,94221.0,43430.0,446.0,1
22.0,38045.0,5256.0,524.0,1
29.0,42194.0,40276.0,680.0,1
59.0,89981.0,29119.0,547.0,1
35.0,99450.0,24681.0,825.0,0
43.0,115335.0,26397.0,768.0,0
45.0,50865.0,37087.0,459.0,1
29.0,74863.0,5108.0,300.0,0
45.0,34681.0,7821.0,595.0,0
49.0,63690.0,42860.0,769.0,1
32.0,46112.0,49894.0,800.0,1
38.0,54880.0,15871.0,367.0,1
39.0,100337.0,23005.0,790.0,0
62.0,100323.0,36588.0,574.0,1
46.0,90451.0,34915.0,839.0,1
63.0,32364.0,40268.0,741.0,1
44.0,48403.0,46135.0,392.0,1
42.0,113930.0,16883.0,590.0,0
18.0,65253.0,28718.0,785.0,1
41.0,82184.0,11322.0,747.0,0
62.0,21831.0,48664.0,832.0,1
27.0,71802.0,39083.0,759.0,1
20.0,88914.0,13431.0,845.0,0
37.0,25888.0,38293.0,589.0,1
36.0,31528.0,40948.0,628.0,1
58.0,56837.0,11140.0,338.0,0
19.0,114446.0,27465.0,517.0,1
61.0,44880.0,42023.0,474.0,1
50.0,22160.0,20623.0,804.0,0
60.0,100928.0,7271.0,482.0,0
47.0,104925.0,20484.0,787.0,0
56.0,73670.0,40189.0,432.0,1
34.0,109305.0,9518.0,620.0,0
34.0,37903.0,18961.0,594.0,0
36.0,47467.0,43411.0,354.0,1
53.0,22045.0,12287.0,474.0,1
35.0,78343.0,22489.0,842.0,0
29.0,108739.0,29938.0,627.0,1
62.0,80640.0,13007.0,755.0,0
61.0,28029.0,36529.0,696.0,1
34.0,89322.0,40159.0,795.0,1
48.0,87594.0,33556.0,489.0,1
31.0,36674.0,43781.0,422.0,1
28.0,102898.0,10882.0,339.0,1
34.0,111239.0,5148.0,763.0,0
33.0,59170.0,17012.0,588.0,0
59.0,50876.0,42802.0,696.0,1
57.0,77467.0,10714.0,335.0,0
51.0,117252.0,39373.0,766.0,0
63.0,92496.0,46819.0,620.0,1
38.0,99006.0,30235.0,365.0,1
30.0,96858.0,44737.0,574.0,1
24.0,115699.0,16165.0,628.0,1
32.0,101619.0,37527.0,487.0,1
25.0,46831.0,40106.0,691.0,1
22.0,43130.0,26937.0,620.0,1
46.0,44209.0,32124.0,762.0,1
35.0,41293.0,9000.0,775.0,0
45.0,40826.0,17435.0,334.0,1
27.0,113450.0,8456.0,656.0,0
50.0,115166.0,15775.0,697.0,0
28.0,28985.0,45166.0,378.0,1
31.0,26407.0,6388.0,786.0,0
53.0,105703.0,27357.0,771.0,0
44.0,76374.0,28520.0,377.0,1
34.0,41157.0,17860.0,786.0,0
44.0,66182.0,40173.0,656.0,1
51.0,27375.0,31529.0,733.0,1
61.0,118222.0,13786.0,739.0,0
45.0,33995.0,26203.0,389.0,1
29.0,100655.0,6052.0,334.0,1
53.0,115818.0,5806.0,650.0,0
55.0,91101.0,38070.0,485.0,1
27.0,28855.0,12752.0,443.0,1
57.0,78998.0,48582.0,371.0,1
40.0,32922.0,21119.0,773.0,0
55.0,106695.0,36442.0,614.0,1
29.0,87283.0,25811.0,760.0,1
34.0,114206.0,23426.0,606.0,1
63.0,34589.0,35057.0,327.0,1
49.0,65368.0,33173.0,421.0,1
54.0,74356.0,44459.0,749.0,1
50.0,30834.0,8799.0,405.0,1
28.0,87691.0,27795.0,802.0,0
40.0,76644.0,32346.0,476.0,1
56.0,54804.0,34243.0,532.0,1
50.0,61292.0,33147.0,664.0,1
18.0,99623.0,21553.0,740.0,1
22.0,55641.0,6398.0,721.0,0
34.0,117263.0,37107.0,749.0,1
62.0,111818.0,6973.0,580.0,0
41.0,27809.0,26182.0,477.0,1
31.0,105242.0,37361.0,418.0,1
35.0,87378.0,17308.0,828.0,0
28.0,25532.0,6251.0,616.0,0
38.0,115537.0,9172.0,833.0,0
28.0,103349.0,11260.0,571.0,0
58.0,103268.0,34929.0,506.0,1
39.0,111564.0,34409.0,636.0,1
31.0,112108.0,49028.0,846.0,1
62.0,41908.0,19575.0,776.0,0
33.0,113736.0,10912.0,525.0,0
61.0,24793.0,12764.0,324.0,1
20.0,108143.0,6447.0,525.0,0
51.0,65671.0,42075.0,717.0,1
41.0,103117.0,8427.0,301.0,1
39.0,47304.0,45215.0,758.0,1
20.0,95486.0,7180.0,443.0,0
20.0,100470.0,41599.0,501.0,1
34.0,28094.0,13809.0,806.0,0
63.0,111441.0,6039.0,506.0,0
47.0,101725.0,36570.0,563.0,1
35.0,79546.0,5119.0,544.0,0
47.0,90793.0,18395.0,500.0,1
28.0,54582.0,7569.0,345.0,1
26.0,67056.0,10462.0,533.0,0
35.0,34736.0,10643.0,571.0,0
59.0,69991.0,37544.0,420.0,1
42.0,98282.0,48747.0,754.0,1
32.0,75840.0,16006.0,572.0,0
63.0,33348.0,22951.0,431.0,1
56.0,102955.0,21848.0,355.0,1
33.0,93799.0,16556.0,618.0,0
64.0,23735.0,37072.0,563.0,1
64.0,100488.0,17209.0,693.0,0
37.0,106524.0,28149.0,844.0,1
49.0,71238.0,10839.0,410.0,0
37.0,57859.0,43158.0,703.0,1
30.0,28348.0,35932.0,537.0,1
22.0,102828.0,29244.0,517.0,1
30.0,20366.0,32634.0,459.0,1
31.0,54349.0,15097.0,497.0,1
37.0,52774.0,42983.0,365.0,1
27.0,111201.0,10508.0,550.0,0
63.0,64929.0,44652.0,623.0,1
23.0,108866.0,32591.0,454.0,1
47.0,28930.0,47317.0,550.0,1
39.0,104608.0,17967.0,560.0,0
38.0,81238.0,47092.0,663.0,1
35.0,73792.0,33724.0,621.0,1
59.0,50596.0,5449.0,819.0,0
31.0,69037.0,9630.0,589.0,0
19.0,47345.0,31679.0,634.0,1
61.0,65582.0,9279.0,592.0,0
59.0,96882.0,38654.0,490.0,1
31.0,82549.0,35239.0,389.0,1
43.0,88053.0,13430.0,309.0,0
23.0,109222.0,33662.0,422.0,1
22.0,25294.0,30502.0,607.0,1
57.0,39894.0,16085.0,315.0,1
37.0,92419.0,36840.0,475.0,1
49.0,60824.0,16309.0,323.0,1
62.0,85021.0,43913.0,678.0,1
30.0,109777.0,22831.0,582.0,1
19.0,93600.0,27287.0,791.0,0
19.0,113312.0,34760.0,646.0,1
51.0,35194.0,44733.0,687.0,1
61.0,95663.0,25528.0,785.0,0
40.0,90263.0,34471.0,793.0,1
36.0,20755.0,31858.0,503.0,1
44.0,24298.0,8247.0,622.0,0
58.0,23377.0,33480.0,522.0,1
49.0,72762.0,7087.0,612.0,0
29.0,97651.0,27752.0,818.0,1
54.0,60536.0,9794.0,846.0,0
24.0,20323.0,32391.0,559.0,1
26.0,37489.0,37444.0,336.0,1
47.0,114850.0,40360.0,828.0,1
29.0,44466.0,31551.0,365.0,1
51.0,105339.0,49518.0,313.0,1
34.0,57039.0,21195.0,684.0,0
31.0,72130.0,5510.0,767.0,0
65.0,68973.0,41829.0,640.0,1
20.0,33448.0,25355.0,627.0,1
48.0,56616.0,29416.0,481.0,1
20.0,119964.0,43115.0,644.0,1
54.0,76413.0,16790.0,754.0,0
29.0,66524.0,19704.0,480.0,1
22.0,74914.0,9352.0,553.0,0
48.0,46301.0,35681.0,653.0,1
52.0,76637.0,14585.0,730.0,0
50.0,92832.0,43396.0,651.0,1
20.0,30568.0,32462.0,386.0,1
32.0,47845.0,46011.0,591.0,1
39.0,40892.0,7745.0,539.0,0
31.0,94488.0,49627.0,655.0,1
56.0,113567.0,22901.0,655.0,0
24.0,62469.0,29555.0,354.0,1
47.0,83325.0,33968.0,376.0,1
64.0,23121.0,26838.0,348.0,1
60.0,33149.0,28755.0,353.0,1
28.0,58445.0,23772.0,588.0,1
18.0,86439.0,13410.0,302.0,1
64.0,84033.0,48625.0,731.0,1
59.0,39216.0,41049.0,613.0,1
61.0,33290.0,31905.0,697.0,1
38.0,113807.0,7546.0,564.0,0
53.0,55536.0,45263.0,799.0,1
28.0,66043.0,8483.0,753.0,0
36.0,29536.0,40198.0,574.0,1
58.0,111023.0,7647.0,434.0,0
24.0,86802.0,39257.0,370.0,1
60.0,70997.0,43006.0,764.0,1
41.0,63127.0,25239.0,672.0,1
38.0,25147.0,29956.0,446.0,1
32.0,41429.0,42691.0,699.0,1
61.0,105608.0,48681.0,469.0,1
42.0,82220.0,5800.0,440.0,0
56.0,39388.0,10840.0,707.0,0
58.0,38920.0,43887.0,707.0,1
61.0,55013.0,35535.0,753.0,1
32.0,81530.0,17256.0,767.0,0
34.0,74242.0,25031.0,601.0,1
46.0,72703.0,10003.0,442.0,0
39.0,106893.0,6291.0,633.0,0
62.0,106125.0,37939.0,464.0,1
37.0,104520.0,37583.0,736.0,1
40.0,90245.0,36243.0,365.0,1
47.0,59245.0,44800.0,480.0,1
37.0,46934.0,17899.0,321.0,1
65.0,115569.0,24063.0,545.0,0
23.0,24528.0,16276.0,377.0,1
28.0,81838.0,33139.0,835.0,1
33.0,104612.0,33666.0,496.0,1
25.0,47191.0,23350.0,734.0,1
31.0,117875.0,47081.0,756.0,1
55.0,108592.0,26985.0,351.0,1
43.0,39933.0,46294.0,668.0,1
20.0,47031.0,37871.0,489.0,1
64.0,109730.0,47239.0,464.0,1
47.0,30925.0,39097.0,715.0,1
21.0,38848.0,15111.0,440.0,1
49.0,80855.0,36035.0,470.0,1
36.0,34701.0,15730.0,716.0,1
24.0,77255.0,18078.0,492.0,1
44.0,77555.0,14965.0,516.0,1
52.0,79635.0,27337.0,708.0,0
50.0,45070.0,24531.0,376.0,1
30.0,102108.0,45821.0,681.0,1
43.0,117044.0,31691.0,478.0,1
43.0,47789.0,21190.0,764.0,1
52.0,106549.0,33051.0,640.0,1
35.0,49305.0,20369.0,304.0,1
55.0,54893.0,42634.0,373.0,1
48.0,98544.0,9009.0,713.0,0
20.0,33733.0,14842.0,421.0,1
44.0,26181.0,9232.0,309.0,1
59.0,58663.0,44022.0,706.0,1
45.0,32968.0,17243.0,670.0,1
26.0,27955.0,49763.0,423.0,1
42.0,78873.0,11836.0,644.0,0
54.0,38397.0,19588.0,645.0,1
23.0,50090.0,45200.0,817.0,1
56.0,92909.0,33593.0,354.0,1
26.0,29300.0,27266.0,394.0,1
43.0,119397.0,12372.0,466.0,0
36.0,50876.0,40592.0,722.0,1
30.0,74563.0,19986.0,560.0,1
48.0,99185.0,38890.0,503.0,1
20.0,43701.0,31226.0,510.0,1
54.0,54116.0,32750.0,579.0,1
43.0,40627.0,19638.0,479.0,1
59.0,57858.0,8377.0,675.0,0
42.0,93494.0,31789.0,314.0,1
20.0,91443.0,38457.0,629.0,1
25.0,38202.0,30923.0,498.0,1
55.0,67692.0,32052.0,563.0,1
41.0,88821.0,36384.0,714.0,1
39.0,93815.0,7016.0,320.0,0
33.0,83604.0,15066.0,419.0,1
31.0,39482.0,32624.0,581.0,1
63.0,106808.0,11103.0,640.0,0
38.0,48845.0,17163.0,402.0,1
60.0,56992.0,7026.0,407.0,0
48.0,75850.0,14688.0,643.0,0
58.0,105938.0,5522.0,698.0,0
58.0,84965.0,41824.0,547.0,1
63.0,90169.0,31449.0,545.0,1
51.0,41637.0,29601.0,520.0,1
56.0,55256.0,5253.0,439.0,0
52.0,33689.0,43256.0,842.0,1
46.0,93690.0,5003.0,644.0,0
52.0,114876.0,40429.0,496.0,1
52.0,93487.0,14853.0,441.0,0
20.0,32468.0,41909.0,438.0,1
42.0,89337.0,10811.0,475.0,0
55.0,63323.0,29630.0,605.0,1
29.0,29211.0,6325.0,620.0,0
40.0,119947.0,29959.0,664.0,0
38.0,92413.0,10985.0,313.0,1
37.0,82244.0,41275.0,617.0,1
24.0,107310.0,15631.0,620.0,1
43.0,52534.0,10217.0,806.0,0
39.0,86685.0,6369.0,427.0,1
49.0,66828.0,30836.0,324.0,1
44.0,32395.0,34789.0,820.0,1
19.0,74107.0,45267.0,610.0,1
20.0,83191.0,7780.0,357.0,0
51.0,67325.0,22636.0,479.0,1
51.0,32527.0,12339.0,515.0,1
63.0,27528.0,27599.0,722.0,1
59.0,86484.0,15729.0,445.0,0
40.0,103791.0,23497.0,822.0,0
47.0,112409.0,21588.0,615.0,0
39.0,58819.0,36050.0,352.0,1
28.0,113832.0,38386.0,579.0,1
36.0,101980.0,24110.0,621.0,1
23.0,62404.0,15980.0,827.0,0
49.0,60632.0,40760.0,802.0,1
27.0,53348.0,43158.0,817.0,1
40.0,26912.0,29301.0,656.0,0
63.0,20973.0,16231.0,654.0,0
19.0,44550.0,40275.0,677.0,1
25.0,45462.0,21022.0,327.0,1
32.0,92966.0,46341.0,445.0,1
62.0,35737.0,17002.0,440.0,0
61.0,89242.0,47312.0,730.0,1
26.0,93034.0,24256.0,394.0,1
64.0,65972.0,38897.0,709.0,1
53.0,31765.0,14400.0,530.0,0
43.0,91951.0,33116.0,449.0,1
62.0,111365.0,31199.0,797.0,0
59.0,56618.0,23914.0,466.0,1
36.0,95874.0,38094.0,725.0,1
49.0,94192.0,41809.0,717.0,1
48.0,25404.0,37727.0,507.0,1
33.0,25571.0,41589.0,479.0,1
26.0,87662.0,38533.0,302.0,1
40.0,103091.0,11734.0,555.0,0
30.0,112056.0,39758.0,398.0,1
35.0,34166.0,13581.0,306.0,1
63.0,78339.0,9465.0,639.0,0
40.0,48205.0,45574.0,369.0,1
50.0,42270.0,31921.0,468.0,1
34.0,93839.0,12942.0,693.0,0
65.0,61319.0,33629.0,710.0,1
49.0,63769.0,19978.0,824.0,0
27.0,104440.0,11369.0,799.0,0
23.0,43868.0,40977.0,583.0,1
62.0,72834.0,9949.0,820.0,0
62.0,102771.0,48310.0,488.0,1
47.0,33189.0,39737.0,603.0,1
19.0,79618.0,37050.0,599.0,1
29.0,103719.0,15762.0,312.0,1
56.0,96447.0,39182.0,319.0,1
59.0,108448.0,6015.0,431.0,0
39.0,23256.0,29924.0,812.0,1
35.0,89146.0,18983.0,797.0,0
31.0,40394.0,42453.0,650.0,1
23.0,75702.0,39259.0,337.0,1
23.0,97478.0,26953.0,824.0,0
63.0,62019.0,26256.0,336.0,1
56.0,90420.0,8292.0,578.0,0
26.0,104041.0,15560.0,641.0,1
28.0,114572.0,36826.0,690.0,1
49.0,74509.0,7954.0,809.0,0
54.0,51610.0,40426.0,489.0,1
56.0,59003.0,49080.0,506.0,1
26.0,106560.0,8559.0,599.0,0
64.0,44032.0,25605.0,437.0,1
29.0,108326.0,31056.0,601.0,1
46.0,25784.0,41581.0,491.0,1
46.0,117133.0,11753.0,811.0,0
63.0,31911.0,21206.0,469.0,1
49.0,108339.0,42602.0,649.0,1
45.0,74077.0,28318.0,512.0,1
42.0,76133.0,12356.0,842.0,0
54.0,118066.0,44124.0,790.0,1
23.0,115136.0,47126.0,475.0,1
18.0,99861.0,38285.0,303.0,1
63.0,85158.0,48815.0,463.0,1
41.0,87770.0,46694.0,572.0,1
33.0,33347.0,10463.0,485.0,1
35.0,66741.0,23416.0,662.0,1
56.0,62917.0,31860.0,482.0,1
36.0,30191.0,37957.0,481.0,1
54.0,21133.0,29078.0,793.0,0
39.0,21627.0,34214.0,460.0,1
58.0,93747.0,10256.0,626.0,0
22.0,64746.0,23283.0,586.0,1
41.0,69057.0,5309.0,442.0,0
40.0,45356.0,34333.0,382.0,1
30.0,74084.0,12401.0,495.0,1
62.0,32721.0,23178.0,475.0,0
61.0,36355.0,27439.0,498.0,1
39.0,101764.0,34987.0,747.0,1
23.0,22743.0,39346.0,593.0,1
28.0,111601.0,37180.0,836.0,1
31.0,53819.0,30552.0,466.0,1
41.0,113216.0,28795.0,436.0,1
34.0,26370.0,43560.0,324.0,1
54.0,51270.0,44005.0,775.0,1
40.0,79317.0,7785.0,563.0,0
59.0,113780.0,17157.0,463.0,0
65.0,29000.0,46475.0,315.0,1
28.0,100919.0,31669.0,643.0,1
47.0,81302.0,11060.0,464.0,0
58.0,84001.0,8201.0,658.0,0
62.0,119231.0,9249.0,362.0,0
32.0,52108.0,39643.0,585.0,1
52.0,56019.0,14989.0,375.0,1
19.0,73585.0,15933.0,660.0,0
59.0,82508.0,10877.0,705.0,0
21.0,51175.0,31985.0,741.0,1
52.0,90632.0,28125.0,736.0,1
65.0,28212.0,17669.0,783.0,0
42.0,39480.0,34616.0,774.0,1
28.0,21325.0,40000.0,746.0,1
46.0,94962.0,49082.0,437.0,1
47.0,114790.0,26542.0,782.0,0
49.0,96871.0,23584.0,567.0,1
26.0,37287.0,18148.0,374.0,1
60.0,48386.0,40307.0,745.0,1
47.0,87118.0,48750.0,746.0,1
20.0,50945.0,32019.0,541.0,1
50.0,60682.0,33904.0,692.0,1
27.0,45580.0,36011.0,359.0,1
19.0,73423.0,24048.0,367.0,1
44.0,106948.0,14916.0,519.0,0
56.0,43969.0,16525.0,430.0,1
58.0,72954.0,32774.0,776.0,1
23.0,86500.0,33694.0,776.0,1
49.0,20658.0,25786.0,377.0,1
51.0,45297.0,6950.0,471.0,0
32.0,76727.0,44476.0,548.0,1
64.0,102520.0,15994.0,368.0,1
31.0,42796.0,31146.0,366.0,1
21.0,109885.0,38240.0,561.0,1
42.0,102457.0,13295.0,634.0,0
51.0,59407.0,26298.0,393.0,1
29.0,101347.0,5060.0,384.0,0
34.0,104925.0,7135.0,685.0,0
44.0,48166.0,16272.0,804.0,0
60.0,31515.0,34643.0,301.0,1
53.0,30092.0,44900.0,721.0,1
28.0,108075.0,24102.0,306.0,1
30.0,69440.0,6127.0,818.0,0
43.0,87145.0,18172.0,491.0,1
54.0,59006.0,48065.0,723.0,1
47.0,98025.0,10005.0,587.0,0
42.0,102421.0,39007.0,503.0,1
46.0,109254.0,38630.0,513.0,1
54.0,84177.0,31547.0,677.0,0
43.0,109212.0,46890.0,786.0,1
60.0,106685.0,33897.0,745.0,0
63.0,47164.0,48493.0,490.0,1
61.0,78855.0,42176.0,719.0,1
53.0,46216.0,40732.0,393.0,1
30.0,83782.0,47797.0,301.0,1
36.0,109715.0,32767.0,679.0,0
31.0,68314.0,19506.0,346.0,1
49.0,102456.0,9665.0,522.0,0
33.0,21710.0,36242.0,750.0,1
53.0,106714.0,28548.0,512.0,1
23.0,114420.0,22345.0,329.0,1
54.0,51341.0,47739.0,310.0,1
46.0,90965.0,46059.0,799.0,1
57.0,101923.0,22008.0,751.0,0
38.0,32427.0,47547.0,660.0,1
47.0,61445.0,24441.0,305.0,1
44.0,40658.0,14276.0,720.0,0
64.0,94656.0,32929.0,538.0,1
54.0,60591.0,9241.0,346.0,0
44.0,20014.0,11870.0,716.0,0
26.0,46263.0,41642.0,681.0,1
60.0,40330.0,41860.0,417.0,1
28.0,27477.0,15828.0,479.0,1
49.0,73082.0,38609.0,829.0,1
62.0,53694.0,48811.0,364.0,1
29.0,41893.0,48103.0,749.0,1
29.0,113667.0,25004.0,658.0,1
58.0,52378.0,43876.0,423.0,1
57.0,32770.0,30070.0,613.0,1
35.0,72318.0,30415.0,617.0,1
30.0,109234.0,15767.0,326.0,1
24.0,97796.0,22290.0,679.0,1
64.0,34819.0,14669.0,328.0,1
57.0,49898.0,38410.0,609.0,1
60.0,43717.0,33827.0,324.0,1
42.0,112764.0,41201.0,733.0,1
23.0,47929.0,32895.0,832.0,1
20.0,36938.0,17473.0,337.0,1
34.0,65512.0,47864.0,783.0,1
61.0,81178.0,34282.0,731.0,1
63.0,35851.0,26435.0,526.0,1
58.0,22451.0,39991.0,395.0,1
25.0,29477.0,16458.0,708.0,0
38.0,85095.0,41487.0,704.0,1
30.0,36345.0,20223.0,665.0,0
28.0,45884.0,8360.0,472.0,1
50.0,87572.0,40230.0,550.0,1
41.0,107136.0,13593.0,307.0,1
33.0,115267.0,33994.0,486.0,1
23.0,58358.0,17140.0,568.0,1
44.0,42637.0,35845.0,442.0,1
34.0,93913.0,10674.0,610.0,0
36.0,91242.0,33076.0,447.0,1
33.0,117442.0,13641.0,656.0,0
36.0,29789.0,27651.0,619.0,1
44.0,107814.0,44272.0,775.0,1
19.0,37566.0,26394.0,407.0,1
58.0,94734.0,39743.0,718.0,1
61.0,119543.0,11590.0,781.0,0
44.0,43178.0,34572.0,323.0,1
31.0,94218.0,11839.0,530.0,1
65.0,97416.0,39585.0,491.0,1
36.0,48096.0,37133.0,312.0,1
51.0,112123.0,23108.0,725.0,0
50.0,26966.0,26152.0,783.0,1
38.0,42888.0,12579.0,721.0,1
27.0,49458.0,33598.0,699.0,1
63.0,29005.0,46071.0,495.0,1
21.0,44525.0,30219.0,435.0,1
41.0,98716.0,19182.0,573.0,1
28.0,46723.0,23425.0,355.0,1
32.0,70662.0,14823.0,652.0,0
57.0,33535.0,24879.0,636.0,1
35.0,79169.0,27281.0,796.0,1
22.0,81087.0,47334.0,798.0,1
27.0,41826.0,24346.0,831.0,1
58.0,27465.0,43801.0,337.0,1
64.0,90178.0,12507.0,699.0,0
31.0,83344.0,29533.0,472.0,1
50.0,68225.0,31585.0,702.0,1
22.0,109542.0,31717.0,608.0,1
52.0,117727.0,27597.0,840.0,0
38.0,93239.0,39522.0,560.0,1
61.0,116227.0,12779.0,365.0,0
33.0,34714.0,8065.0,645.0,0
62.0,35955.0,11422.0,542.0,0
42.0,119907.0,30345.0,482.0,1
34.0,57654.0,16238.0,633.0,1
48.0,75946.0,38234.0,767.0,1
30.0,114473.0,7829.0,433.0,1
29.0,80397.0,45905.0,671.0,1
27.0,107004.0,47827.0,704.0,1
63.0,90730.0,40354.0,829.0,1
41.0,105588.0,44508.0,419.0,1
53.0,67030.0,22025.0,583.0,1
40.0,114938.0,12182.0,685.0,0
46.0,32526.0,13998.0,327.0,1
45.0,100767.0,27557.0,779.0,0
64.0,43529.0,34762.0,488.0,1
49.0,81881.0,30596.0,672.0,1
29.0,97626.0,9722.0,522.0,0
19.0,90100.0,37726.0,794.0,1
28.0,63961.0,40505.0,744.0,1
39.0,113035.0,6329.0,557.0,0
36.0,36183.0,25650.0,822.0,0
56.0,92001.0,24701.0,723.0,0
55.0,45318.0,8025.0,538.0,0
22.0,88796.0,12955.0,788.0,0
63.0,39062.0,41675.0,591.0,1
43.0,24778.0,31309.0,608.0,1
46.0,98479.0,14851.0,360.0,0
37.0,101745.0,25628.0,791.0,0
49.0,36243.0,43458.0,516.0,1
59.0,100710.0,9603.0,564.0,0
50.0,52804.0,47997.0,843.0,1
64.0,77115.0,11364.0,754.0,0
51.0,80188.0,18084.0,363.0,1
57.0,111363.0,13167.0,725.0,0
20.0,77023.0,26130.0,430.0,1
50.0,106896.0,18975.0,391.0,0
49.0,62152.0,49483.0,751.0,1
23.0,85317.0,5693.0,596.0,0
58.0,39147.0,19469.0,560.0,1
47.0,91221.0,31761.0,360.0,1
23.0,112775.0,20301.0,352.0,1
46.0,62718.0,25510.0,520.0,1
40.0,84729.0,24135.0,817.0,1
29.0,74430.0,8880.0,421.0,0
19.0,21450.0,34207.0,696.0,1
35.0,110778.0,42531.0,594.0,1
47.0,100929.0,28752.0,604.0,1
33.0,61548.0,11731.0,823.0,0
32.0,29097.0,26657.0,773.0,1
53.0,55160.0,5636.0,767.0,0
54.0,72564.0,45837.0,329.0,1
52.0,44417.0,15827.0,844.0,0
23.0,103251.0,45606.0,819.0,1
42.0,49548.0,31285.0,360.0,1
44.0,40493.0,49250.0,603.0,1
53.0,37286.0,43220.0,315.0,1
60.0,92627.0,5499.0,359.0,0
35.0,74662.0,5680.0,777.0,0
38.0,89597.0,38455.0,324.0,1
52.0,49035.0,28256.0,442.0,1
49.0,60000.0,38991.0,570.0,1
44.0,109561.0,31536.0,444.0,1
34.0,53040.0,15453.0,814.0,0
27.0,110295.0,40397.0,478.0,1
27.0,116629.0,6397.0,693.0,0
22.0,21953.0,41293.0,725.0,1
22.0,69423.0,34929.0,327.0,1
58.0,82206.0,35297.0,512.0,1
36.0,21250.0,6974.0,408.0,1
21.0,55016.0,14440.0,441.0,1
60.0,22804.0,27002.0,526.0,1
28.0,81649.0,24893.0,331.0,1
31.0,66316.0,6191.0,637.0,0
27.0,46291.0,20112.0,405.0,1
63.0,97759.0,48536.0,347.0,1
23.0,74291.0,18795.0,545.0,1
52.0,53243.0,33475.0,487.0,1
62.0,113530.0,35676.0,836.0,0
49.0,117583.0,33065.0,740.0,1
58.0,38240.0,18036.0,449.0,1
29.0,117839.0,30726.0,625.0,1
50.0,78760.0,36684.0,594.0,1
51.0,107536.0,22249.0,402.0,1
40.0,49150.0,17614.0,721.0,0
59.0,24661.0,17375.0,685.0,0
51.0,21259.0,46315.0,370.0,1
60.0,63093.0,34001.0,699.0,1
53.0,20455.0,38860.0,646.0,1
42.0,64548.0,30552.0,305.0,1
41.0,94397.0,33371.0,328.0,1
39.0,86833.0,17443.0,601.0,1
19.0,93196.0,45178.0,350.0,1
43.0,79458.0,27554.0,634.0,1
38.0,115399.0,41241.0,395.0,1
25.0,44010.0,28311.0,678.0,1
24.0,110383.0,10234.0,503.0,0
39.0,118173.0,10032.0,708.0,0
20.0,20355.0,25885.0,405.0,1
64.0,63114.0,24345.0,659.0,0
36.0,87607.0,46098.0,835.0,1
36.0,81454.0,10928.0,569.0,0
20.0,118924.0,35895.0,454.0,1
38.0,86037.0,46316.0,473.0,1
19.0,81745.0,23498.0,404.0,1
19.0,112633.0,44824.0,615.0,1
34.0,110211.0,11494.0,582.0,0
57.0,103419.0,9741.0,602.0,0
40.0,60737.0,15502.0,676.0,0
19.0,89750.0,28454.0,310.0,1
26.0,115600.0,34089.0,369.0,1
53.0,43989.0,39706.0,417.0,1
53.0,68798.0,39495.0,304.0,1
53.0,95757.0,10035.0,402.0,0
35.0,79777.0,44330.0,765.0,1
35.0,98375.0,10055.0,657.0,0
56.0,46401.0,45401.0,389.0,1
37.0,33083.0,48093.0,320.0,1
52.0,67121.0,31284.0,437.0,1
45.0,86481.0,36225.0,692.0,0
35.0,79755.0,21638.0,545.0,1
22.0,81068.0,29779.0,595.0,1
23.0,29266.0,42443.0,595.0,1
60.0,69132.0,12177.0,430.0,0
39.0,40247.0,27579.0,393.0,1
65.0,91068.0,23415.0,387.0,1
35.0,75842.0,43987.0,830.0,1
30.0,80078.0,10895.0,817.0,0
34.0,79557.0,45129.0,711.0,1
34.0,50621.0,16262.0,656.0,0
48.0,28337.0,32256.0,424.0,1
19.0,61309.0,22095.0,364.0,1
54.0,49774.0,46973.0,814.0,1
38.0,76971.0,13889.0,454.0,0
38.0,42314.0,27614.0,404.0,1
41.0,42370.0,15273.0,809.0,0
39.0,52516.0,41055.0,386.0,1
41.0,37332.0,17197.0,464.0,1
34.0,60201.0,47907.0,398.0,1
39.0,102402.0,46598.0,308.0,1
37.0,105200.0,26384.0,401.0,1
42.0,30825.0,5582.0,550.0,0
47.0,53073.0,48444.0,592.0,1
29.0,81321.0,35868.0,392.0,1
42.0,42695.0,27139.0,694.0,1
46.0,111948.0,32184.0,595.0,1
19.0,90663.0,9994.0,630.0,0
42.0,42029.0,12089.0,476.0,0
29.0,30668.0,33751.0,409.0,1
37.0,27378.0,7203.0,738.0,0
57.0,38797.0,36604.0,494.0,1
33.0,59555.0,46390.0,587.0,1
41.0,95079.0,36903.0,708.0,1
19.0,34100.0,30229.0,781.0,1
33.0,23646.0,40739.0,547.0,1
48.0,109170.0,38681.0,835.0,0
33.0,53538.0,31580.0,590.0,1
28.0,53036.0,13866.0,736.0,0
32.0,72511.0,5352.0,342.0,0
63.0,61983.0,25579.0,351.0,1
22.0,49523.0,15847.0,638.0,1
40.0,91558.0,15221.0,512.0,0
21.0,99217.0,27801.0,720.0,1
43.0,102628.0,21893.0,614.0,0
25.0,97003.0,27683.0,640.0,0
48.0,89043.0,17117.0,392.0,1
30.0,39301.0,32455.0,603.0,1
50.0,93165.0,32989.0,600.0,1
34.0,47471.0,14401.0,706.0,0
18.0,92182.0,30536.0,687.0,1
32.0,29786.0,25035.0,643.0,1
